<application>
  <component name="ProjectJdkTable">
    <jdk version="2">
      <name value="temurin-17" />
      <type value="JavaSDK" />
      <version value="Eclipse Temurin 17.0.18" />
      <homePath value="$USER_HOME$/AppData/Local/JetBrains/JDK/temurin-17.0.18" />
      <roots>
        <annotationsPath>
          <root type="composite">
            <root url="jar://$APPLICATION_HOME_DIR$/plugins/java/lib/resources/jdkAnnotations.jar!/" type="simple" />
          </root>
        </annotationsPath>
        <classPath>
          <root type="composite">
            <root url="jrt://$USER_HOME$/AppData/Local/JetBrains/JDK/temurin-17.0.18!/java.base" type="simple" />
            <root url="jrt://$USER_HOME$/AppData/Local/JetBrains/JDK/temurin-17.0.18!/java.compiler" type="simple" />
            <root url="jrt://$USER_HOME$/AppData/Local/JetBrains/JDK/temurin-17.0.18!/java.datatransfer" type="simple" />
            <root url="jrt://$USER_HOME$/AppData/Local/JetBrains/JDK/temurin-17.0.18!/java.desktop" type="simple" />
            <root url="jrt://$USER_HOME$/AppData/Local/JetBrains/JDK/temurin-17.0.18!/java.instrument" type="simple" />
            <root url="jrt://$USER_HOME$/AppData/Local/JetBrains/JDK/temurin-17.0.18!/java.logging" type="simple" />
            <root url="jrt://$USER_HOME$/AppData/Local/JetBrains/JDK/temurin-17.0.18!/java.management" type="simple" />
            <root url="jrt://$USER_HOME$/AppData/Local/JetBrains/JDK/temurin-17.0.18!/java.management.rmi" type="simple" />
            <root url="jrt://$USER_HOME$/AppData/Local/JetBrains/JDK/temurin-17.0.18!/java.naming" type="simple" />
            <root url="jrt://$USER_HOME$/AppData/Local/JetBrains/JDK/temurin-17.0.18!/java.net.http" type="simple" />
            <root url="jrt://$USER_HOME$/AppData/Local/JetBrains/JDK/temurin-17.0.18!/java.prefs" type="simple" />
            <root url="jrt://$USER_HOME$/AppData/Local/JetBrains/JDK/temurin-17.0.18!/java.rmi" type="simple" />
            <root url="jrt://$USER_HOME$/AppData/Local/JetBrains/JDK/temurin-17.0.18!/java.scripting" type="simple" />
            <root url="jrt://$USER_HOME$/AppData/Local/JetBrains/JDK/temurin-17.0.18!/java.se" type="simple" />
            <root url="jrt://$USER_HOME$/AppData/Local/JetBrains/JDK/temurin-17.0.18!/java.security.jgss" type="simple" />
            <root url="jrt://$USER_HOME$/AppData/Local/JetBrains/JDK/temurin-17.0.18!/java.security.sasl" type="simple" />
            <root url="jrt://$USER_HOME$/AppData/Local/JetBrains/JDK/temurin-17.0.18!/java.smartcardio" type="simple" />
            <root url="jrt://$USER_HOME$/AppData/Local/JetBrains/JDK/temurin-17.0.18!/java.sql" type="simple" />
            <root url="jrt://$USER_HOME$/AppData/Local/JetBrains/JDK/temurin-17.0.18!/java.sql.rowset" type="simple" />
            <root url="jrt://$USER_HOME$/AppData/Local/JetBrains/JDK/temurin-17.0.18!/java.transaction.xa" type="simple" />
            <root url="jrt://$USER_HOME$/AppData/Local/JetBrains/JDK/temurin-17.0.18!/java.xml" type="simple" />
            <root url="jrt://$USER_HOME$/AppData/Local/JetBrains/JDK/temurin-17.0.18!/java.xml.crypto" type="simple" />
            <root url="jrt://$USER_HOME$/AppData/Local/JetBrains/JDK/temurin-17.0.18!/jdk.accessibility" type="simple" />
            <root url="jrt://$USER_HOME$/AppData/Local/JetBrains/JDK/temurin-17.0.18!/jdk.attach" type="simple" />
            <root url="jrt://$USER_HOME$/AppData/Local/JetBrains/JDK/temurin-17.0.18!/jdk.charsets" type="simple" />
            <root url="jrt://$USER_HOME$/AppData/Local/JetBrains/JDK/temurin-17.0.18!/jdk.compiler" type="simple" />
            <root url="jrt://$USER_HOME$/AppData/Local/JetBrains/JDK/temurin-17.0.18!/jdk.crypto.cryptoki" type="simple" />
            <root url="jrt://$USER_HOME$/AppData/Local/JetBrains/JDK/temurin-17.0.18!/jdk.crypto.ec" type="simple" />
            <root url="jrt://$USER_HOME$/AppData/Local/JetBrains/JDK/temurin-17.0.18!/jdk.crypto.mscapi" type="simple" />
            <root url="jrt://$USER_HOME$/AppData/Local/JetBrains/JDK/temurin-17.0.18!/jdk.dynalink" type="simple" />
            <root url="jrt://$USER_HOME$/AppData/Local/JetBrains/JDK/temurin-17.0.18!/jdk.editpad" type="simple" />
            <root url="jrt://$USER_HOME$/AppData/Local/JetBrains/JDK/temurin-17.0.18!/jdk.hotspot.agent" type="simple" />
            <root url="jrt://$USER_HOME$/AppData/Local/JetBrains/JDK/temurin-17.0.18!/jdk.httpserver" type="simple" />
            <root url="jrt://$USER_HOME$/AppData/Local/JetBrains/JDK/temurin-17.0.18!/jdk.incubator.foreign" type="simple" />
            <root url="jrt://$USER_HOME$/AppData/Local/JetBrains/JDK/temurin-17.0.18!/jdk.incubator.vector" type="simple" />
            <root url="jrt://$USER_HOME$/AppData/Local/JetBrains/JDK/temurin-17.0.18!/jdk.internal.ed" type="simple" />
            <root url="jrt://$USER_HOME$/AppData/Local/JetBrains/JDK/temurin-17.0.18!/jdk.internal.jvmstat" type="simple" />
            <root url="jrt://$USER_HOME$/AppData/Local/JetBrains/JDK/temurin-17.0.18!/jdk.internal.le" type="simple" />
            <root url="jrt://$USER_HOME$/AppData/Local/JetBrains/JDK/temurin-17.0.18!/jdk.internal.opt" type="simple" />
            <root url="jrt://$USER_HOME$/AppData/Local/JetBrains/JDK/temurin-17.0.18!/jdk.internal.vm.ci" type="simple" />
            <root url="jrt://$USER_HOME$/AppData/Local/JetBrains/JDK/temurin-17.0.18!/jdk.internal.vm.compiler" type="simple" />
            <root url="jrt://$USER_HOME$/AppData/Local/JetBrains/JDK/temurin-17.0.18!/jdk.internal.vm.compiler.management" type="simple" />
            <root url="jrt://$USER_HOME$/AppData/Local/JetBrains/JDK/temurin-17.0.18!/jdk.jartool" type="simple" />
            <root url="jrt://$USER_HOME$/AppData/Local/JetBrains/JDK/temurin-17.0.18!/jdk.javadoc" type="simple" />
            <root url="jrt://$USER_HOME$/AppData/Local/JetBrains/JDK/temurin-17.0.18!/jdk.jcmd" type="simple" />
            <root url="jrt://$USER_HOME$/AppData/Local/JetBrains/JDK/temurin-17.0.18!/jdk.jconsole" type="simple" />
            <root url="jrt://$USER_HOME$/AppData/Local/JetBrains/JDK/temurin-17.0.18!/jdk.jdeps" type="simple" />
            <root url="jrt://$USER_HOME$/AppData/Local/JetBrains/JDK/temurin-17.0.18!/jdk.jdi" type="simple" />
            <root url="jrt://$USER_HOME$/AppData/Local/JetBrains/JDK/temurin-17.0.18!/jdk.jdwp.agent" type="simple" />
            <root url="jrt://$USER_HOME$/AppData/Local/JetBrains/JDK/temurin-17.0.18!/jdk.jfr" type="simple" />
            <root url="jrt://$USER_HOME$/AppData/Local/JetBrains/JDK/temurin-17.0.18!/jdk.jlink" type="simple" />
            <root url="jrt://$USER_HOME$/AppData/Local/JetBrains/JDK/temurin-17.0.18!/jdk.jpackage" type="simple" />
            <root url="jrt://$USER_HOME$/AppData/Local/JetBrains/JDK/temurin-17.0.18!/jdk.jshell" type="simple" />
            <root url="jrt://$USER_HOME$/AppData/Local/JetBrains/JDK/temurin-17.0.18!/jdk.jsobject" type="simple" />
            <root url="jrt://$USER_HOME$/AppData/Local/JetBrains/JDK/temurin-17.0.18!/jdk.jstatd" type="simple" />
            <root url="jrt://$USER_HOME$/AppData/Local/JetBrains/JDK/temurin-17.0.18!/jdk.localedata" type="simple" />
            <root url="jrt://$USER_HOME$/AppData/Local/JetBrains/JDK/temurin-17.0.18!/jdk.management" type="simple" />
            <root url="jrt://$USER_HOME$/AppData/Local/JetBrains/JDK/temurin-17.0.18!/jdk.management.agent" type="simple" />
            <root url="jrt://$USER_HOME$/AppData/Local/JetBrains/JDK/temurin-17.0.18!/jdk.management.jfr" type="simple" />
            <root url="jrt://$USER_HOME$/AppData/Local/JetBrains/JDK/temurin-17.0.18!/jdk.naming.dns" type="simple" />
            <root url="jrt://$USER_HOME$/AppData/Local/JetBrains/JDK/temurin-17.0.18!/jdk.naming.rmi" type="simple" />
            <root url="jrt://$USER_HOME$/AppData/Local/JetBrains/JDK/temurin-17.0.18!/jdk.net" type="simple" />
            <root url="jrt://$USER_HOME$/AppData/Local/JetBrains/JDK/temurin-17.0.18!/jdk.nio.mapmode" type="simple" />
            <root url="jrt://$USER_HOME$/AppData/Local/JetBrains/JDK/temurin-17.0.18!/jdk.random" type="simple" />
            <root url="jrt://$USER_HOME$/AppData/Local/JetBrains/JDK/temurin-17.0.18!/jdk.sctp" type="simple" />
            <root url="jrt://$USER_HOME$/AppData/Local/JetBrains/JDK/temurin-17.0.18!/jdk.security.auth" type="simple" />
            <root url="jrt://$USER_HOME$/AppData/Local/JetBrains/JDK/temurin-17.0.18!/jdk.security.jgss" type="simple" />
            <root url="jrt://$USER_HOME$/AppData/Local/JetBrains/JDK/temurin-17.0.18!/jdk.unsupported" type="simple" />
            <root url="jrt://$USER_HOME$/AppData/Local/JetBrains/JDK/temurin-17.0.18!/jdk.unsupported.desktop" type="simple" />
            <root url="jrt://$USER_HOME$/AppData/Local/JetBrains/JDK/temurin-17.0.18!/jdk.xml.dom" type="simple" />
            <root url="jrt://$USER_HOME$/AppData/Local/JetBrains/JDK/temurin-17.0.18!/jdk.zipfs" type="simple" />
          </root>
        </classPath>
        <javadocPath>
          <root type="composite" />
        </javadocPath>
        <sourcePath>
          <root type="composite">
            <root url="jar://$USER_HOME$/AppData/Local/JetBrains/JDK/temurin-17.0.18/lib/src.zip!/java.se" type="simple" />
            <root url="jar://$USER_HOME$/AppData/Local/JetBrains/JDK/temurin-17.0.18/lib/src.zip!/jdk.jdi" type="simple" />
            <root url="jar://$USER_HOME$/AppData/Local/JetBrains/JDK/temurin-17.0.18/lib/src.zip!/jdk.jfr" type="simple" />
            <root url="jar://$USER_HOME$/AppData/Local/JetBrains/JDK/temurin-17.0.18/lib/src.zip!/jdk.net" type="simple" />
            <root url="jar://$USER_HOME$/AppData/Local/JetBrains/JDK/temurin-17.0.18/lib/src.zip!/java.rmi" type="simple" />
            <root url="jar://$USER_HOME$/AppData/Local/JetBrains/JDK/temurin-17.0.18/lib/src.zip!/java.sql" type="simple" />
            <root url="jar://$USER_HOME$/AppData/Local/JetBrains/JDK/temurin-17.0.18/lib/src.zip!/java.xml" type="simple" />
            <root url="jar://$USER_HOME$/AppData/Local/JetBrains/JDK/temurin-17.0.18/lib/src.zip!/jdk.jcmd" type="simple" />
            <root url="jar://$USER_HOME$/AppData/Local/JetBrains/JDK/temurin-17.0.18/lib/src.zip!/jdk.sctp" type="simple" />
            <root url="jar://$USER_HOME$/AppData/Local/JetBrains/JDK/temurin-17.0.18/lib/src.zip!/java.base" type="simple" />
            <root url="jar://$USER_HOME$/AppData/Local/JetBrains/JDK/temurin-17.0.18/lib/src.zip!/jdk.jdeps" type="simple" />
            <root url="jar://$USER_HOME$/AppData/Local/JetBrains/JDK/temurin-17.0.18/lib/src.zip!/jdk.jlink" type="simple" />
            <root url="jar://$USER_HOME$/AppData/Local/JetBrains/JDK/temurin-17.0.18/lib/src.zip!/jdk.zipfs" type="simple" />
            <root url="jar://$USER_HOME$/AppData/Local/JetBrains/JDK/temurin-17.0.18/lib/src.zip!/java.prefs" type="simple" />
            <root url="jar://$USER_HOME$/AppData/Local/JetBrains/JDK/temurin-17.0.18/lib/src.zip!/jdk.attach" type="simple" />
            <root url="jar://$USER_HOME$/AppData/Local/JetBrains/JDK/temurin-17.0.18/lib/src.zip!/jdk.jshell" type="simple" />
            <root url="jar://$USER_HOME$/AppData/Local/JetBrains/JDK/temurin-17.0.18/lib/src.zip!/jdk.jstatd" type="simple" />
            <root url="jar://$USER_HOME$/AppData/Local/JetBrains/JDK/temurin-17.0.18/lib/src.zip!/jdk.random" type="simple" />
            <root url="jar://$USER_HOME$/AppData/Local/JetBrains/JDK/temurin-17.0.18/lib/src.zip!/java.naming" type="simple" />
            <root url="jar://$USER_HOME$/AppData/Local/JetBrains/JDK/temurin-17.0.18/lib/src.zip!/jdk.editpad" type="simple" />
            <root url="jar://$USER_HOME$/AppData/Local/JetBrains/JDK/temurin-17.0.18/lib/src.zip!/jdk.jartool" type="simple" />
            <root url="jar://$USER_HOME$/AppData/Local/JetBrains/JDK/temurin-17.0.18/lib/src.zip!/jdk.javadoc" type="simple" />
            <root url="jar://$USER_HOME$/AppData/Local/JetBrains/JDK/temurin-17.0.18/lib/src.zip!/jdk.xml.dom" type="simple" />
            <root url="jar://$USER_HOME$/AppData/Local/JetBrains/JDK/temurin-17.0.18/lib/src.zip!/java.desktop" type="simple" />
            <root url="jar://$USER_HOME$/AppData/Local/JetBrains/JDK/temurin-17.0.18/lib/src.zip!/java.logging" type="simple" />
            <root url="jar://$USER_HOME$/AppData/Local/JetBrains/JDK/temurin-17.0.18/lib/src.zip!/jdk.charsets" type="simple" />
            <root url="jar://$USER_HOME$/AppData/Local/JetBrains/JDK/temurin-17.0.18/lib/src.zip!/jdk.compiler" type="simple" />
            <root url="jar://$USER_HOME$/AppData/Local/JetBrains/JDK/temurin-17.0.18/lib/src.zip!/jdk.dynalink" type="simple" />
            <root url="jar://$USER_HOME$/AppData/Local/JetBrains/JDK/temurin-17.0.18/lib/src.zip!/jdk.jconsole" type="simple" />
            <root url="jar://$USER_HOME$/AppData/Local/JetBrains/JDK/temurin-17.0.18/lib/src.zip!/jdk.jpackage" type="simple" />
            <root url="jar://$USER_HOME$/AppData/Local/JetBrains/JDK/temurin-17.0.18/lib/src.zip!/jdk.jsobject" type="simple" />
            <root url="jar://$USER_HOME$/AppData/Local/JetBrains/JDK/temurin-17.0.18/lib/src.zip!/java.compiler" type="simple" />
            <root url="jar://$USER_HOME$/AppData/Local/JetBrains/JDK/temurin-17.0.18/lib/src.zip!/java.net.http" type="simple" />
            <root url="jar://$USER_HOME$/AppData/Local/JetBrains/JDK/temurin-17.0.18/lib/src.zip!/jdk.crypto.ec" type="simple" />
            <root url="jar://$USER_HOME$/AppData/Local/JetBrains/JDK/temurin-17.0.18/lib/src.zip!/java.scripting" type="simple" />
            <root url="jar://$USER_HOME$/AppData/Local/JetBrains/JDK/temurin-17.0.18/lib/src.zip!/jdk.httpserver" type="simple" />
            <root url="jar://$USER_HOME$/AppData/Local/JetBrains/JDK/temurin-17.0.18/lib/src.zip!/jdk.jdwp.agent" type="simple" />
            <root url="jar://$USER_HOME$/AppData/Local/JetBrains/JDK/temurin-17.0.18/lib/src.zip!/jdk.localedata" type="simple" />
            <root url="jar://$USER_HOME$/AppData/Local/JetBrains/JDK/temurin-17.0.18/lib/src.zip!/jdk.management" type="simple" />
            <root url="jar://$USER_HOME$/AppData/Local/JetBrains/JDK/temurin-17.0.18/lib/src.zip!/jdk.naming.dns" type="simple" />
            <root url="jar://$USER_HOME$/AppData/Local/JetBrains/JDK/temurin-17.0.18/lib/src.zip!/jdk.naming.rmi" type="simple" />
            <root url="jar://$USER_HOME$/AppData/Local/JetBrains/JDK/temurin-17.0.18/lib/src.zip!/java.instrument" type="simple" />
            <root url="jar://$USER_HOME$/AppData/Local/JetBrains/JDK/temurin-17.0.18/lib/src.zip!/java.management" type="simple" />
            <root url="jar://$USER_HOME$/AppData/Local/JetBrains/JDK/temurin-17.0.18/lib/src.zip!/java.sql.rowset" type="simple" />
            <root url="jar://$USER_HOME$/AppData/Local/JetBrains/JDK/temurin-17.0.18/lib/src.zip!/java.xml.crypto" type="simple" />
            <root url="jar://$USER_HOME$/AppData/Local/JetBrains/JDK/temurin-17.0.18/lib/src.zip!/jdk.internal.ed" type="simple" />
            <root url="jar://$USER_HOME$/AppData/Local/JetBrains/JDK/temurin-17.0.18/lib/src.zip!/jdk.internal.le" type="simple" />
            <root url="jar://$USER_HOME$/AppData/Local/JetBrains/JDK/temurin-17.0.18/lib/src.zip!/jdk.nio.mapmode" type="simple" />
            <root url="jar://$USER_HOME$/AppData/Local/JetBrains/JDK/temurin-17.0.18/lib/src.zip!/jdk.unsupported" type="simple" />
            <root url="jar://$USER_HOME$/AppData/Local/JetBrains/JDK/temurin-17.0.18/lib/src.zip!/java.smartcardio" type="simple" />
            <root url="jar://$USER_HOME$/AppData/Local/JetBrains/JDK/temurin-17.0.18/lib/src.zip!/jdk.internal.opt" type="simple" />
            <root url="jar://$USER_HOME$/AppData/Local/JetBrains/JDK/temurin-17.0.18/lib/src.zip!/java.datatransfer" type="simple" />
            <root url="jar://$USER_HOME$/AppData/Local/JetBrains/JDK/temurin-17.0.18/lib/src.zip!/jdk.accessibility" type="simple" />
            <root url="jar://$USER_HOME$/AppData/Local/JetBrains/JDK/temurin-17.0.18/lib/src.zip!/jdk.crypto.mscapi" type="simple" />
            <root url="jar://$USER_HOME$/AppData/Local/JetBrains/JDK/temurin-17.0.18/lib/src.zip!/jdk.hotspot.agent" type="simple" />
            <root url="jar://$USER_HOME$/AppData/Local/JetBrains/JDK/temurin-17.0.18/lib/src.zip!/jdk.security.auth" type="simple" />
            <root url="jar://$USER_HOME$/AppData/Local/JetBrains/JDK/temurin-17.0.18/lib/src.zip!/jdk.security.jgss" type="simple" />
            <root url="jar://$USER_HOME$/AppData/Local/JetBrains/JDK/temurin-17.0.18/lib/src.zip!/java.security.jgss" type="simple" />
            <root url="jar://$USER_HOME$/AppData/Local/JetBrains/JDK/temurin-17.0.18/lib/src.zip!/java.security.sasl" type="simple" />
            <root url="jar://$USER_HOME$/AppData/Local/JetBrains/JDK/temurin-17.0.18/lib/src.zip!/jdk.internal.vm.ci" type="simple" />
            <root url="jar://$USER_HOME$/AppData/Local/JetBrains/JDK/temurin-17.0.18/lib/src.zip!/jdk.management.jfr" type="simple" />
            <root url="jar://$USER_HOME$/AppData/Local/JetBrains/JDK/temurin-17.0.18/lib/src.zip!/java.management.rmi" type="simple" />
            <root url="jar://$USER_HOME$/AppData/Local/JetBrains/JDK/temurin-17.0.18/lib/src.zip!/java.transaction.xa" type="simple" />
            <root url="jar://$USER_HOME$/AppData/Local/JetBrains/JDK/temurin-17.0.18/lib/src.zip!/jdk.crypto.cryptoki" type="simple" />
            <root url="jar://$USER_HOME$/AppData/Local/JetBrains/JDK/temurin-17.0.18/lib/src.zip!/jdk.incubator.vector" type="simple" />
            <root url="jar://$USER_HOME$/AppData/Local/JetBrains/JDK/temurin-17.0.18/lib/src.zip!/jdk.internal.jvmstat" type="simple" />
            <root url="jar://$USER_HOME$/AppData/Local/JetBrains/JDK/temurin-17.0.18/lib/src.zip!/jdk.management.agent" type="simple" />
            <root url="jar://$USER_HOME$/AppData/Local/JetBrains/JDK/temurin-17.0.18/lib/src.zip!/jdk.incubator.foreign" type="simple" />
            <root url="jar://$USER_HOME$/AppData/Local/JetBrains/JDK/temurin-17.0.18/lib/src.zip!/jdk.unsupported.desktop" type="simple" />
            <root url="jar://$USER_HOME$/AppData/Local/JetBrains/JDK/temurin-17.0.18/lib/src.zip!/jdk.internal.vm.compiler" type="simple" />
            <root url="jar://$USER_HOME$/AppData/Local/JetBrains/JDK/temurin-17.0.18/lib/src.zip!/jdk.internal.vm.compiler.management" type="simple" />
          </root>
        </sourcePath>
      </roots>
    </jdk>
    <jdk version="2">
      <name value="openjdk-25" />
      <type value="JavaSDK" />
      <version value="Oracle OpenJDK 25.0.2" />
      <homePath value="$USER_HOME$/AppData/Local/JetBrains/JDK/openjdk-25" />
      <roots>
        <annotationsPath>
          <root type="composite">
            <root url="jar://$APPLICATION_HOME_DIR$/plugins/java/lib/resources/jdkAnnotations.jar!/" type="simple" />
          </root>
        </annotationsPath>
        <classPath>
          <root type="composite">
            <root url="jrt://$USER_HOME$/AppData/Local/JetBrains/JDK/openjdk-25!/java.base" type="simple" />
            <root url="jrt://$USER_HOME$/AppData/Local/JetBrains/JDK/openjdk-25!/java.compiler" type="simple" />
            <root url="jrt://$USER_HOME$/AppData/Local/JetBrains/JDK/openjdk-25!/java.datatransfer" type="simple" />
            <root url="jrt://$USER_HOME$/AppData/Local/JetBrains/JDK/openjdk-25!/java.desktop" type="simple" />
            <root url="jrt://$USER_HOME$/AppData/Local/JetBrains/JDK/openjdk-25!/java.instrument" type="simple" />
            <root url="jrt://$USER_HOME$/AppData/Local/JetBrains/JDK/openjdk-25!/java.logging" type="simple" />
            <root url="jrt://$USER_HOME$/AppData/Local/JetBrains/JDK/openjdk-25!/java.management" type="simple" />
            <root url="jrt://$USER_HOME$/AppData/Local/JetBrains/JDK/openjdk-25!/java.management.rmi" type="simple" />
            <root url="jrt://$USER_HOME$/AppData/Local/JetBrains/JDK/openjdk-25!/java.naming" type="simple" />
            <root url="jrt://$USER_HOME$/AppData/Local/JetBrains/JDK/openjdk-25!/java.net.http" type="simple" />
            <root url="jrt://$USER_HOME$/AppData/Local/JetBrains/JDK/openjdk-25!/java.prefs" type="simple" />
            <root url="jrt://$USER_HOME$/AppData/Local/JetBrains/JDK/openjdk-25!/java.rmi" type="simple" />
            <root url="jrt://$USER_HOME$/AppData/Local/JetBrains/JDK/openjdk-25!/java.scripting" type="simple" />
            <root url="jrt://$USER_HOME$/AppData/Local/JetBrains/JDK/openjdk-25!/java.se" type="simple" />
            <root url="jrt://$USER_HOME$/AppData/Local/JetBrains/JDK/openjdk-25!/java.security.jgss" type="simple" />
            <root url="jrt://$USER_HOME$/AppData/Local/JetBrains/JDK/openjdk-25!/java.security.sasl" type="simple" />
            <root url="jrt://$USER_HOME$/AppData/Local/JetBrains/JDK/openjdk-25!/java.smartcardio" type="simple" />
            <root url="jrt://$USER_HOME$/AppData/Local/JetBrains/JDK/openjdk-25!/java.sql" type="simple" />
            <root url="jrt://$USER_HOME$/AppData/Local/JetBrains/JDK/openjdk-25!/java.sql.rowset" type="simple" />
            <root url="jrt://$USER_HOME$/AppData/Local/JetBrains/JDK/openjdk-25!/java.transaction.xa" type="simple" />
            <root url="jrt://$USER_HOME$/AppData/Local/JetBrains/JDK/openjdk-25!/java.xml" type="simple" />
            <root url="jrt://$USER_HOME$/AppData/Local/JetBrains/JDK/openjdk-25!/java.xml.crypto" type="simple" />
            <root url="jrt://$USER_HOME$/AppData/Local/JetBrains/JDK/openjdk-25!/jdk.accessibility" type="simple" />
            <root url="jrt://$USER_HOME$/AppData/Local/JetBrains/JDK/openjdk-25!/jdk.attach" type="simple" />
            <root url="jrt://$USER_HOME$/AppData/Local/JetBrains/JDK/openjdk-25!/jdk.charsets" type="simple" />
            <root url="jrt://$USER_HOME$/AppData/Local/JetBrains/JDK/openjdk-25!/jdk.compiler" type="simple" />
            <root url="jrt://$USER_HOME$/AppData/Local/JetBrains/JDK/openjdk-25!/jdk.crypto.cryptoki" type="simple" />
            <root url="jrt://$USER_HOME$/AppData/Local/JetBrains/JDK/openjdk-25!/jdk.crypto.ec" type="simple" />
            <root url="jrt://$USER_HOME$/AppData/Local/JetBrains/JDK/openjdk-25!/jdk.crypto.mscapi" type="simple" />
            <root url="jrt://$USER_HOME$/AppData/Local/JetBrains/JDK/openjdk-25!/jdk.dynalink" type="simple" />
            <root url="jrt://$USER_HOME$/AppData/Local/JetBrains/JDK/openjdk-25!/jdk.editpad" type="simple" />
            <root url="jrt://$USER_HOME$/AppData/Local/JetBrains/JDK/openjdk-25!/jdk.graal.compiler" type="simple" />
            <root url="jrt://$USER_HOME$/AppData/Local/JetBrains/JDK/openjdk-25!/jdk.graal.compiler.management" type="simple" />
            <root url="jrt://$USER_HOME$/AppData/Local/JetBrains/JDK/openjdk-25!/jdk.hotspot.agent" type="simple" />
            <root url="jrt://$USER_HOME$/AppData/Local/JetBrains/JDK/openjdk-25!/jdk.httpserver" type="simple" />
            <root url="jrt://$USER_HOME$/AppData/Local/JetBrains/JDK/openjdk-25!/jdk.incubator.vector" type="simple" />
            <root url="jrt://$USER_HOME$/AppData/Local/JetBrains/JDK/openjdk-25!/jdk.internal.ed" type="simple" />
            <root url="jrt://$USER_HOME$/AppData/Local/JetBrains/JDK/openjdk-25!/jdk.internal.jvmstat" type="simple" />
            <root url="jrt://$USER_HOME$/AppData/Local/JetBrains/JDK/openjdk-25!/jdk.internal.le" type="simple" />
            <root url="jrt://$USER_HOME$/AppData/Local/JetBrains/JDK/openjdk-25!/jdk.internal.md" type="simple" />
            <root url="jrt://$USER_HOME$/AppData/Local/JetBrains/JDK/openjdk-25!/jdk.internal.opt" type="simple" />
            <root url="jrt://$USER_HOME$/AppData/Local/JetBrains/JDK/openjdk-25!/jdk.internal.vm.ci" type="simple" />
            <root url="jrt://$USER_HOME$/AppData/Local/JetBrains/JDK/openjdk-25!/jdk.jartool" type="simple" />
            <root url="jrt://$USER_HOME$/AppData/Local/JetBrains/JDK/openjdk-25!/jdk.javadoc" type="simple" />
            <root url="jrt://$USER_HOME$/AppData/Local/JetBrains/JDK/openjdk-25!/jdk.jcmd" type="simple" />
            <root url="jrt://$USER_HOME$/AppData/Local/JetBrains/JDK/openjdk-25!/jdk.jconsole" type="simple" />
            <root url="jrt://$USER_HOME$/AppData/Local/JetBrains/JDK/openjdk-25!/jdk.jdeps" type="simple" />
            <root url="jrt://$USER_HOME$/AppData/Local/JetBrains/JDK/openjdk-25!/jdk.jdi" type="simple" />
            <root url="jrt://$USER_HOME$/AppData/Local/JetBrains/JDK/openjdk-25!/jdk.jdwp.agent" type="simple" />
            <root url="jrt://$USER_HOME$/AppData/Local/JetBrains/JDK/openjdk-25!/jdk.jfr" type="simple" />
            <root url="jrt://$USER_HOME$/AppData/Local/JetBrains/JDK/openjdk-25!/jdk.jlink" type="simple" />
            <root url="jrt://$USER_HOME$/AppData/Local/JetBrains/JDK/openjdk-25!/jdk.jpackage" type="simple" />
            <root url="jrt://$USER_HOME$/AppData/Local/JetBrains/JDK/openjdk-25!/jdk.jshell" type="simple" />
            <root url="jrt://$USER_HOME$/AppData/Local/JetBrains/JDK/openjdk-25!/jdk.jsobject" type="simple" />
            <root url="jrt://$USER_HOME$/AppData/Local/JetBrains/JDK/openjdk-25!/jdk.jstatd" type="simple" />
            <root url="jrt://$USER_HOME$/AppData/Local/JetBrains/JDK/openjdk-25!/jdk.localedata" type="simple" />
            <root url="jrt://$USER_HOME$/AppData/Local/JetBrains/JDK/openjdk-25!/jdk.management" type="simple" />
            <root url="jrt://$USER_HOME$/AppData/Local/JetBrains/JDK/openjdk-25!/jdk.management.agent" type="simple" />
            <root url="jrt://$USER_HOME$/AppData/Local/JetBrains/JDK/openjdk-25!/jdk.management.jfr" type="simple" />
            <root url="jrt://$USER_HOME$/AppData/Local/JetBrains/JDK/openjdk-25!/jdk.naming.dns" type="simple" />
            <root url="jrt://$USER_HOME$/AppData/Local/JetBrains/JDK/openjdk-25!/jdk.naming.rmi" type="simple" />
            <root url="jrt://$USER_HOME$/AppData/Local/JetBrains/JDK/openjdk-25!/jdk.net" type="simple" />
            <root url="jrt://$USER_HOME$/AppData/Local/JetBrains/JDK/openjdk-25!/jdk.nio.mapmode" type="simple" />
            <root url="jrt://$USER_HOME$/AppData/Local/JetBrains/JDK/openjdk-25!/jdk.sctp" type="simple" />
            <root url="jrt://$USER_HOME$/AppData/Local/JetBrains/JDK/openjdk-25!/jdk.security.auth" type="simple" />
            <root url="jrt://$USER_HOME$/AppData/Local/JetBrains/JDK/openjdk-25!/jdk.security.jgss" type="simple" />
            <root url="jrt://$USER_HOME$/AppData/Local/JetBrains/JDK/openjdk-25!/jdk.unsupported" type="simple" />
            <root url="jrt://$USER_HOME$/AppData/Local/JetBrains/JDK/openjdk-25!/jdk.unsupported.desktop" type="simple" />
            <root url="jrt://$USER_HOME$/AppData/Local/JetBrains/JDK/openjdk-25!/jdk.xml.dom" type="simple" />
            <root url="jrt://$USER_HOME$/AppData/Local/JetBrains/JDK/openjdk-25!/jdk.zipfs" type="simple" />
          </root>
        </classPath>
        <javadocPath>
          <root type="composite" />
        </javadocPath>
        <sourcePath>
          <root type="composite">
            <root url="jar://$USER_HOME$/AppData/Local/JetBrains/JDK/openjdk-25/lib/src.zip!/java.se" type="simple" />
            <root url="jar://$USER_HOME$/AppData/Local/JetBrains/JDK/openjdk-25/lib/src.zip!/jdk.jdi" type="simple" />
            <root url="jar://$USER_HOME$/AppData/Local/JetBrains/JDK/openjdk-25/lib/src.zip!/jdk.jfr" type="simple" />
            <root url="jar://$USER_HOME$/AppData/Local/JetBrains/JDK/openjdk-25/lib/src.zip!/jdk.net" type="simple" />
            <root url="jar://$USER_HOME$/AppData/Local/JetBrains/JDK/openjdk-25/lib/src.zip!/java.rmi" type="simple" />
            <root url="jar://$USER_HOME$/AppData/Local/JetBrains/JDK/openjdk-25/lib/src.zip!/java.sql" type="simple" />
            <root url="jar://$USER_HOME$/AppData/Local/JetBrains/JDK/openjdk-25/lib/src.zip!/java.xml" type="simple" />
            <root url="jar://$USER_HOME$/AppData/Local/JetBrains/JDK/openjdk-25/lib/src.zip!/jdk.jcmd" type="simple" />
            <root url="jar://$USER_HOME$/AppData/Local/JetBrains/JDK/openjdk-25/lib/src.zip!/jdk.sctp" type="simple" />
            <root url="jar://$USER_HOME$/AppData/Local/JetBrains/JDK/openjdk-25/lib/src.zip!/java.base" type="simple" />
            <root url="jar://$USER_HOME$/AppData/Local/JetBrains/JDK/openjdk-25/lib/src.zip!/jdk.jdeps" type="simple" />
            <root url="jar://$USER_HOME$/AppData/Local/JetBrains/JDK/openjdk-25/lib/src.zip!/jdk.jlink" type="simple" />
            <root url="jar://$USER_HOME$/AppData/Local/JetBrains/JDK/openjdk-25/lib/src.zip!/jdk.zipfs" type="simple" />
            <root url="jar://$USER_HOME$/AppData/Local/JetBrains/JDK/openjdk-25/lib/src.zip!/java.prefs" type="simple" />
            <root url="jar://$USER_HOME$/AppData/Local/JetBrains/JDK/openjdk-25/lib/src.zip!/jdk.attach" type="simple" />
            <root url="jar://$USER_HOME$/AppData/Local/JetBrains/JDK/openjdk-25/lib/src.zip!/jdk.jshell" type="simple" />
            <root url="jar://$USER_HOME$/AppData/Local/JetBrains/JDK/openjdk-25/lib/src.zip!/jdk.jstatd" type="simple" />
            <root url="jar://$USER_HOME$/AppData/Local/JetBrains/JDK/openjdk-25/lib/src.zip!/java.naming" type="simple" />
            <root url="jar://$USER_HOME$/AppData/Local/JetBrains/JDK/openjdk-25/lib/src.zip!/jdk.editpad" type="simple" />
            <root url="jar://$USER_HOME$/AppData/Local/JetBrains/JDK/openjdk-25/lib/src.zip!/jdk.jartool" type="simple" />
            <root url="jar://$USER_HOME$/AppData/Local/JetBrains/JDK/openjdk-25/lib/src.zip!/jdk.javadoc" type="simple" />
            <root url="jar://$USER_HOME$/AppData/Local/JetBrains/JDK/openjdk-25/lib/src.zip!/jdk.xml.dom" type="simple" />
            <root url="jar://$USER_HOME$/AppData/Local/JetBrains/JDK/openjdk-25/lib/src.zip!/java.desktop" type="simple" />
            <root url="jar://$USER_HOME$/AppData/Local/JetBrains/JDK/openjdk-25/lib/src.zip!/java.logging" type="simple" />
            <root url="jar://$USER_HOME$/AppData/Local/JetBrains/JDK/openjdk-25/lib/src.zip!/jdk.charsets" type="simple" />
            <root url="jar://$USER_HOME$/AppData/Local/JetBrains/JDK/openjdk-25/lib/src.zip!/jdk.compiler" type="simple" />
            <root url="jar://$USER_HOME$/AppData/Local/JetBrains/JDK/openjdk-25/lib/src.zip!/jdk.dynalink" type="simple" />
            <root url="jar://$USER_HOME$/AppData/Local/JetBrains/JDK/openjdk-25/lib/src.zip!/jdk.jconsole" type="simple" />
            <root url="jar://$USER_HOME$/AppData/Local/JetBrains/JDK/openjdk-25/lib/src.zip!/jdk.jpackage" type="simple" />
            <root url="jar://$USER_HOME$/AppData/Local/JetBrains/JDK/openjdk-25/lib/src.zip!/jdk.jsobject" type="simple" />
            <root url="jar://$USER_HOME$/AppData/Local/JetBrains/JDK/openjdk-25/lib/src.zip!/java.compiler" type="simple" />
            <root url="jar://$USER_HOME$/AppData/Local/JetBrains/JDK/openjdk-25/lib/src.zip!/java.net.http" type="simple" />
            <root url="jar://$USER_HOME$/AppData/Local/JetBrains/JDK/openjdk-25/lib/src.zip!/jdk.crypto.ec" type="simple" />
            <root url="jar://$USER_HOME$/AppData/Local/JetBrains/JDK/openjdk-25/lib/src.zip!/java.scripting" type="simple" />
            <root url="jar://$USER_HOME$/AppData/Local/JetBrains/JDK/openjdk-25/lib/src.zip!/jdk.httpserver" type="simple" />
            <root url="jar://$USER_HOME$/AppData/Local/JetBrains/JDK/openjdk-25/lib/src.zip!/jdk.jdwp.agent" type="simple" />
            <root url="jar://$USER_HOME$/AppData/Local/JetBrains/JDK/openjdk-25/lib/src.zip!/jdk.localedata" type="simple" />
            <root url="jar://$USER_HOME$/AppData/Local/JetBrains/JDK/openjdk-25/lib/src.zip!/jdk.management" type="simple" />
            <root url="jar://$USER_HOME$/AppData/Local/JetBrains/JDK/openjdk-25/lib/src.zip!/jdk.naming.dns" type="simple" />
            <root url="jar://$USER_HOME$/AppData/Local/JetBrains/JDK/openjdk-25/lib/src.zip!/jdk.naming.rmi" type="simple" />
            <root url="jar://$USER_HOME$/AppData/Local/JetBrains/JDK/openjdk-25/lib/src.zip!/java.instrument" type="simple" />
            <root url="jar://$USER_HOME$/AppData/Local/JetBrains/JDK/openjdk-25/lib/src.zip!/java.management" type="simple" />
            <root url="jar://$USER_HOME$/AppData/Local/JetBrains/JDK/openjdk-25/lib/src.zip!/java.sql.rowset" type="simple" />
            <root url="jar://$USER_HOME$/AppData/Local/JetBrains/JDK/openjdk-25/lib/src.zip!/java.xml.crypto" type="simple" />
            <root url="jar://$USER_HOME$/AppData/Local/JetBrains/JDK/openjdk-25/lib/src.zip!/jdk.internal.ed" type="simple" />
            <root url="jar://$USER_HOME$/AppData/Local/JetBrains/JDK/openjdk-25/lib/src.zip!/jdk.internal.le" type="simple" />
            <root url="jar://$USER_HOME$/AppData/Local/JetBrains/JDK/openjdk-25/lib/src.zip!/jdk.internal.md" type="simple" />
            <root url="jar://$USER_HOME$/AppData/Local/JetBrains/JDK/openjdk-25/lib/src.zip!/jdk.nio.mapmode" type="simple" />
            <root url="jar://$USER_HOME$/AppData/Local/JetBrains/JDK/openjdk-25/lib/src.zip!/jdk.unsupported" type="simple" />
            <root url="jar://$USER_HOME$/AppData/Local/JetBrains/JDK/openjdk-25/lib/src.zip!/java.smartcardio" type="simple" />
            <root url="jar://$USER_HOME$/AppData/Local/JetBrains/JDK/openjdk-25/lib/src.zip!/jdk.internal.opt" type="simple" />
            <root url="jar://$USER_HOME$/AppData/Local/JetBrains/JDK/openjdk-25/lib/src.zip!/java.datatransfer" type="simple" />
            <root url="jar://$USER_HOME$/AppData/Local/JetBrains/JDK/openjdk-25/lib/src.zip!/jdk.accessibility" type="simple" />
            <root url="jar://$USER_HOME$/AppData/Local/JetBrains/JDK/openjdk-25/lib/src.zip!/jdk.crypto.mscapi" type="simple" />
            <root url="jar://$USER_HOME$/AppData/Local/JetBrains/JDK/openjdk-25/lib/src.zip!/jdk.hotspot.agent" type="simple" />
            <root url="jar://$USER_HOME$/AppData/Local/JetBrains/JDK/openjdk-25/lib/src.zip!/jdk.security.auth" type="simple" />
            <root url="jar://$USER_HOME$/AppData/Local/JetBrains/JDK/openjdk-25/lib/src.zip!/jdk.security.jgss" type="simple" />
            <root url="jar://$USER_HOME$/AppData/Local/JetBrains/JDK/openjdk-25/lib/src.zip!/java.security.jgss" type="simple" />
            <root url="jar://$USER_HOME$/AppData/Local/JetBrains/JDK/openjdk-25/lib/src.zip!/java.security.sasl" type="simple" />
            <root url="jar://$USER_HOME$/AppData/Local/JetBrains/JDK/openjdk-25/lib/src.zip!/jdk.graal.compiler" type="simple" />
            <root url="jar://$USER_HOME$/AppData/Local/JetBrains/JDK/openjdk-25/lib/src.zip!/jdk.internal.vm.ci" type="simple" />
            <root url="jar://$USER_HOME$/AppData/Local/JetBrains/JDK/openjdk-25/lib/src.zip!/jdk.management.jfr" type="simple" />
            <root url="jar://$USER_HOME$/AppData/Local/JetBrains/JDK/openjdk-25/lib/src.zip!/java.management.rmi" type="simple" />
            <root url="jar://$USER_HOME$/AppData/Local/JetBrains/JDK/openjdk-25/lib/src.zip!/java.transaction.xa" type="simple" />
            <root url="jar://$USER_HOME$/AppData/Local/JetBrains/JDK/openjdk-25/lib/src.zip!/jdk.crypto.cryptoki" type="simple" />
            <root url="jar://$USER_HOME$/AppData/Local/JetBrains/JDK/openjdk-25/lib/src.zip!/jdk.incubator.vector" type="simple" />
            <root url="jar://$USER_HOME$/AppData/Local/JetBrains/JDK/openjdk-25/lib/src.zip!/jdk.internal.jvmstat" type="simple" />
            <root url="jar://$USER_HOME$/AppData/Local/JetBrains/JDK/openjdk-25/lib/src.zip!/jdk.management.agent" type="simple" />
            <root url="jar://$USER_HOME$/AppData/Local/JetBrains/JDK/openjdk-25/lib/src.zip!/jdk.unsupported.desktop" type="simple" />
            <root url="jar://$USER_HOME$/AppData/Local/JetBrains/JDK/openjdk-25/lib/src.zip!/jdk.graal.compiler.management" type="simple" />
          </root>
        </sourcePath>
      </roots>
    </jdk>
    <jdk version="2">
      <name value="openjdk-25 (2)" />
      <type value="JavaSDK" />
      <version value="Oracle OpenJDK 25.0.2" />
      <homePath value="$USER_HOME$/AppData/Local/JetBrains/JDK/openjdk-25" />
      <roots>
        <annotationsPath>
          <root type="composite">
            <root url="jar://$APPLICATION_HOME_DIR$/plugins/java/lib/resources/jdkAnnotations.jar!/" type="simple" />
          </root>
        </annotationsPath>
        <classPath>
          <root type="composite">
            <root url="jrt://$USER_HOME$/AppData/Local/JetBrains/JDK/openjdk-25!/java.base" type="simple" />
            <root url="jrt://$USER_HOME$/AppData/Local/JetBrains/JDK/openjdk-25!/java.compiler" type="simple" />
            <root url="jrt://$USER_HOME$/AppData/Local/JetBrains/JDK/openjdk-25!/java.datatransfer" type="simple" />
            <root url="jrt://$USER_HOME$/AppData/Local/JetBrains/JDK/openjdk-25!/java.desktop" type="simple" />
            <root url="jrt://$USER_HOME$/AppData/Local/JetBrains/JDK/openjdk-25!/java.instrument" type="simple" />
            <root url="jrt://$USER_HOME$/AppData/Local/JetBrains/JDK/openjdk-25!/java.logging" type="simple" />
            <root url="jrt://$USER_HOME$/AppData/Local/JetBrains/JDK/openjdk-25!/java.management" type="simple" />
            <root url="jrt://$USER_HOME$/AppData/Local/JetBrains/JDK/openjdk-25!/java.management.rmi" type="simple" />
            <root url="jrt://$USER_HOME$/AppData/Local/JetBrains/JDK/openjdk-25!/java.naming" type="simple" />
            <root url="jrt://$USER_HOME$/AppData/Local/JetBrains/JDK/openjdk-25!/java.net.http" type="simple" />
            <root url="jrt://$USER_HOME$/AppData/Local/JetBrains/JDK/openjdk-25!/java.prefs" type="simple" />
            <root url="jrt://$USER_HOME$/AppData/Local/JetBrains/JDK/openjdk-25!/java.rmi" type="simple" />
            <root url="jrt://$USER_HOME$/AppData/Local/JetBrains/JDK/openjdk-25!/java.scripting" type="simple" />
            <root url="jrt://$USER_HOME$/AppData/Local/JetBrains/JDK/openjdk-25!/java.se" type="simple" />
            <root url="jrt://$USER_HOME$/AppData/Local/JetBrains/JDK/openjdk-25!/java.security.jgss" type="simple" />
            <root url="jrt://$USER_HOME$/AppData/Local/JetBrains/JDK/openjdk-25!/java.security.sasl" type="simple" />
            <root url="jrt://$USER_HOME$/AppData/Local/JetBrains/JDK/openjdk-25!/java.smartcardio" type="simple" />
            <root url="jrt://$USER_HOME$/AppData/Local/JetBrains/JDK/openjdk-25!/java.sql" type="simple" />
            <root url="jrt://$USER_HOME$/AppData/Local/JetBrains/JDK/openjdk-25!/java.sql.rowset" type="simple" />
            <root url="jrt://$USER_HOME$/AppData/Local/JetBrains/JDK/openjdk-25!/java.transaction.xa" type="simple" />
            <root url="jrt://$USER_HOME$/AppData/Local/JetBrains/JDK/openjdk-25!/java.xml" type="simple" />
            <root url="jrt://$USER_HOME$/AppData/Local/JetBrains/JDK/openjdk-25!/java.xml.crypto" type="simple" />
            <root url="jrt://$USER_HOME$/AppData/Local/JetBrains/JDK/openjdk-25!/jdk.accessibility" type="simple" />
            <root url="jrt://$USER_HOME$/AppData/Local/JetBrains/JDK/openjdk-25!/jdk.attach" type="simple" />
            <root url="jrt://$USER_HOME$/AppData/Local/JetBrains/JDK/openjdk-25!/jdk.charsets" type="simple" />
            <root url="jrt://$USER_HOME$/AppData/Local/JetBrains/JDK/openjdk-25!/jdk.compiler" type="simple" />
            <root url="jrt://$USER_HOME$/AppData/Local/JetBrains/JDK/openjdk-25!/jdk.crypto.cryptoki" type="simple" />
            <root url="jrt://$USER_HOME$/AppData/Local/JetBrains/JDK/openjdk-25!/jdk.crypto.ec" type="simple" />
            <root url="jrt://$USER_HOME$/AppData/Local/JetBrains/JDK/openjdk-25!/jdk.crypto.mscapi" type="simple" />
            <root url="jrt://$USER_HOME$/AppData/Local/JetBrains/JDK/openjdk-25!/jdk.dynalink" type="simple" />
            <root url="jrt://$USER_HOME$/AppData/Local/JetBrains/JDK/openjdk-25!/jdk.editpad" type="simple" />
            <root url="jrt://$USER_HOME$/AppData/Local/JetBrains/JDK/openjdk-25!/jdk.graal.compiler" type="simple" />
            <root url="jrt://$USER_HOME$/AppData/Local/JetBrains/JDK/openjdk-25!/jdk.graal.compiler.management" type="simple" />
            <root url="jrt://$USER_HOME$/AppData/Local/JetBrains/JDK/openjdk-25!/jdk.hotspot.agent" type="simple" />
            <root url="jrt://$USER_HOME$/AppData/Local/JetBrains/JDK/openjdk-25!/jdk.httpserver" type="simple" />
            <root url="jrt://$USER_HOME$/AppData/Local/JetBrains/JDK/openjdk-25!/jdk.incubator.vector" type="simple" />
            <root url="jrt://$USER_HOME$/AppData/Local/JetBrains/JDK/openjdk-25!/jdk.internal.ed" type="simple" />
            <root url="jrt://$USER_HOME$/AppData/Local/JetBrains/JDK/openjdk-25!/jdk.internal.jvmstat" type="simple" />
            <root url="jrt://$USER_HOME$/AppData/Local/JetBrains/JDK/openjdk-25!/jdk.internal.le" type="simple" />
            <root url="jrt://$USER_HOME$/AppData/Local/JetBrains/JDK/openjdk-25!/jdk.internal.md" type="simple" />
            <root url="jrt://$USER_HOME$/AppData/Local/JetBrains/JDK/openjdk-25!/jdk.internal.opt" type="simple" />
            <root url="jrt://$USER_HOME$/AppData/Local/JetBrains/JDK/openjdk-25!/jdk.internal.vm.ci" type="simple" />
            <root url="jrt://$USER_HOME$/AppData/Local/JetBrains/JDK/openjdk-25!/jdk.jartool" type="simple" />
            <root url="jrt://$USER_HOME$/AppData/Local/JetBrains/JDK/openjdk-25!/jdk.javadoc" type="simple" />
            <root url="jrt://$USER_HOME$/AppData/Local/JetBrains/JDK/openjdk-25!/jdk.jcmd" type="simple" />
            <root url="jrt://$USER_HOME$/AppData/Local/JetBrains/JDK/openjdk-25!/jdk.jconsole" type="simple" />
            <root url="jrt://$USER_HOME$/AppData/Local/JetBrains/JDK/openjdk-25!/jdk.jdeps" type="simple" />
            <root url="jrt://$USER_HOME$/AppData/Local/JetBrains/JDK/openjdk-25!/jdk.jdi" type="simple" />
            <root url="jrt://$USER_HOME$/AppData/Local/JetBrains/JDK/openjdk-25!/jdk.jdwp.agent" type="simple" />
            <root url="jrt://$USER_HOME$/AppData/Local/JetBrains/JDK/openjdk-25!/jdk.jfr" type="simple" />
            <root url="jrt://$USER_HOME$/AppData/Local/JetBrains/JDK/openjdk-25!/jdk.jlink" type="simple" />
            <root url="jrt://$USER_HOME$/AppData/Local/JetBrains/JDK/openjdk-25!/jdk.jpackage" type="simple" />
            <root url="jrt://$USER_HOME$/AppData/Local/JetBrains/JDK/openjdk-25!/jdk.jshell" type="simple" />
            <root url="jrt://$USER_HOME$/AppData/Local/JetBrains/JDK/openjdk-25!/jdk.jsobject" type="simple" />
            <root url="jrt://$USER_HOME$/AppData/Local/JetBrains/JDK/openjdk-25!/jdk.jstatd" type="simple" />
            <root url="jrt://$USER_HOME$/AppData/Local/JetBrains/JDK/openjdk-25!/jdk.localedata" type="simple" />
            <root url="jrt://$USER_HOME$/AppData/Local/JetBrains/JDK/openjdk-25!/jdk.management" type="simple" />
            <root url="jrt://$USER_HOME$/AppData/Local/JetBrains/JDK/openjdk-25!/jdk.management.agent" type="simple" />
            <root url="jrt://$USER_HOME$/AppData/Local/JetBrains/JDK/openjdk-25!/jdk.management.jfr" type="simple" />
            <root url="jrt://$USER_HOME$/AppData/Local/JetBrains/JDK/openjdk-25!/jdk.naming.dns" type="simple" />
            <root url="jrt://$USER_HOME$/AppData/Local/JetBrains/JDK/openjdk-25!/jdk.naming.rmi" type="simple" />
            <root url="jrt://$USER_HOME$/AppData/Local/JetBrains/JDK/openjdk-25!/jdk.net" type="simple" />
            <root url="jrt://$USER_HOME$/AppData/Local/JetBrains/JDK/openjdk-25!/jdk.nio.mapmode" type="simple" />
            <root url="jrt://$USER_HOME$/AppData/Local/JetBrains/JDK/openjdk-25!/jdk.sctp" type="simple" />
            <root url="jrt://$USER_HOME$/AppData/Local/JetBrains/JDK/openjdk-25!/jdk.security.auth" type="simple" />
            <root url="jrt://$USER_HOME$/AppData/Local/JetBrains/JDK/openjdk-25!/jdk.security.jgss" type="simple" />
            <root url="jrt://$USER_HOME$/AppData/Local/JetBrains/JDK/openjdk-25!/jdk.unsupported" type="simple" />
            <root url="jrt://$USER_HOME$/AppData/Local/JetBrains/JDK/openjdk-25!/jdk.unsupported.desktop" type="simple" />
            <root url="jrt://$USER_HOME$/AppData/Local/JetBrains/JDK/openjdk-25!/jdk.xml.dom" type="simple" />
            <root url="jrt://$USER_HOME$/AppData/Local/JetBrains/JDK/openjdk-25!/jdk.zipfs" type="simple" />
          </root>
        </classPath>
        <javadocPath>
          <root type="composite" />
        </javadocPath>
        <sourcePath>
          <root type="composite">
            <root url="jar://$USER_HOME$/AppData/Local/JetBrains/JDK/openjdk-25/lib/src.zip!/java.se" type="simple" />
            <root url="jar://$USER_HOME$/AppData/Local/JetBrains/JDK/openjdk-25/lib/src.zip!/jdk.jdi" type="simple" />
            <root url="jar://$USER_HOME$/AppData/Local/JetBrains/JDK/openjdk-25/lib/src.zip!/jdk.jfr" type="simple" />
            <root url="jar://$USER_HOME$/AppData/Local/JetBrains/JDK/openjdk-25/lib/src.zip!/jdk.net" type="simple" />
            <root url="jar://$USER_HOME$/AppData/Local/JetBrains/JDK/openjdk-25/lib/src.zip!/java.rmi" type="simple" />
            <root url="jar://$USER_HOME$/AppData/Local/JetBrains/JDK/openjdk-25/lib/src.zip!/java.sql" type="simple" />
            <root url="jar://$USER_HOME$/AppData/Local/JetBrains/JDK/openjdk-25/lib/src.zip!/java.xml" type="simple" />
            <root url="jar://$USER_HOME$/AppData/Local/JetBrains/JDK/openjdk-25/lib/src.zip!/jdk.jcmd" type="simple" />
            <root url="jar://$USER_HOME$/AppData/Local/JetBrains/JDK/openjdk-25/lib/src.zip!/jdk.sctp" type="simple" />
            <root url="jar://$USER_HOME$/AppData/Local/JetBrains/JDK/openjdk-25/lib/src.zip!/java.base" type="simple" />
            <root url="jar://$USER_HOME$/AppData/Local/JetBrains/JDK/openjdk-25/lib/src.zip!/jdk.jdeps" type="simple" />
            <root url="jar://$USER_HOME$/AppData/Local/JetBrains/JDK/openjdk-25/lib/src.zip!/jdk.jlink" type="simple" />
            <root url="jar://$USER_HOME$/AppData/Local/JetBrains/JDK/openjdk-25/lib/src.zip!/jdk.zipfs" type="simple" />
            <root url="jar://$USER_HOME$/AppData/Local/JetBrains/JDK/openjdk-25/lib/src.zip!/java.prefs" type="simple" />
            <root url="jar://$USER_HOME$/AppData/Local/JetBrains/JDK/openjdk-25/lib/src.zip!/jdk.attach" type="simple" />
            <root url="jar://$USER_HOME$/AppData/Local/JetBrains/JDK/openjdk-25/lib/src.zip!/jdk.jshell" type="simple" />
            <root url="jar://$USER_HOME$/AppData/Local/JetBrains/JDK/openjdk-25/lib/src.zip!/jdk.jstatd" type="simple" />
            <root url="jar://$USER_HOME$/AppData/Local/JetBrains/JDK/openjdk-25/lib/src.zip!/java.naming" type="simple" />
            <root url="jar://$USER_HOME$/AppData/Local/JetBrains/JDK/openjdk-25/lib/src.zip!/jdk.editpad" type="simple" />
            <root url="jar://$USER_HOME$/AppData/Local/JetBrains/JDK/openjdk-25/lib/src.zip!/jdk.jartool" type="simple" />
            <root url="jar://$USER_HOME$/AppData/Local/JetBrains/JDK/openjdk-25/lib/src.zip!/jdk.javadoc" type="simple" />
            <root url="jar://$USER_HOME$/AppData/Local/JetBrains/JDK/openjdk-25/lib/src.zip!/jdk.xml.dom" type="simple" />
            <root url="jar://$USER_HOME$/AppData/Local/JetBrains/JDK/openjdk-25/lib/src.zip!/java.desktop" type="simple" />
            <root url="jar://$USER_HOME$/AppData/Local/JetBrains/JDK/openjdk-25/lib/src.zip!/java.logging" type="simple" />
            <root url="jar://$USER_HOME$/AppData/Local/JetBrains/JDK/openjdk-25/lib/src.zip!/jdk.charsets" type="simple" />
            <root url="jar://$USER_HOME$/AppData/Local/JetBrains/JDK/openjdk-25/lib/src.zip!/jdk.compiler" type="simple" />
            <root url="jar://$USER_HOME$/AppData/Local/JetBrains/JDK/openjdk-25/lib/src.zip!/jdk.dynalink" type="simple" />
            <root url="jar://$USER_HOME$/AppData/Local/JetBrains/JDK/openjdk-25/lib/src.zip!/jdk.jconsole" type="simple" />
            <root url="jar://$USER_HOME$/AppData/Local/JetBrains/JDK/openjdk-25/lib/src.zip!/jdk.jpackage" type="simple" />
            <root url="jar://$USER_HOME$/AppData/Local/JetBrains/JDK/openjdk-25/lib/src.zip!/jdk.jsobject" type="simple" />
            <root url="jar://$USER_HOME$/AppData/Local/JetBrains/JDK/openjdk-25/lib/src.zip!/java.compiler" type="simple" />
            <root url="jar://$USER_HOME$/AppData/Local/JetBrains/JDK/openjdk-25/lib/src.zip!/java.net.http" type="simple" />
            <root url="jar://$USER_HOME$/AppData/Local/JetBrains/JDK/openjdk-25/lib/src.zip!/jdk.crypto.ec" type="simple" />
            <root url="jar://$USER_HOME$/AppData/Local/JetBrains/JDK/openjdk-25/lib/src.zip!/java.scripting" type="simple" />
            <root url="jar://$USER_HOME$/AppData/Local/JetBrains/JDK/openjdk-25/lib/src.zip!/jdk.httpserver" type="simple" />
            <root url="jar://$USER_HOME$/AppData/Local/JetBrains/JDK/openjdk-25/lib/src.zip!/jdk.jdwp.agent" type="simple" />
            <root url="jar://$USER_HOME$/AppData/Local/JetBrains/JDK/openjdk-25/lib/src.zip!/jdk.localedata" type="simple" />
            <root url="jar://$USER_HOME$/AppData/Local/JetBrains/JDK/openjdk-25/lib/src.zip!/jdk.management" type="simple" />
            <root url="jar://$USER_HOME$/AppData/Local/JetBrains/JDK/openjdk-25/lib/src.zip!/jdk.naming.dns" type="simple" />
            <root url="jar://$USER_HOME$/AppData/Local/JetBrains/JDK/openjdk-25/lib/src.zip!/jdk.naming.rmi" type="simple" />
            <root url="jar://$USER_HOME$/AppData/Local/JetBrains/JDK/openjdk-25/lib/src.zip!/java.instrument" type="simple" />
            <root url="jar://$USER_HOME$/AppData/Local/JetBrains/JDK/openjdk-25/lib/src.zip!/java.management" type="simple" />
            <root url="jar://$USER_HOME$/AppData/Local/JetBrains/JDK/openjdk-25/lib/src.zip!/java.sql.rowset" type="simple" />
            <root url="jar://$USER_HOME$/AppData/Local/JetBrains/JDK/openjdk-25/lib/src.zip!/java.xml.crypto" type="simple" />
            <root url="jar://$USER_HOME$/AppData/Local/JetBrains/JDK/openjdk-25/lib/src.zip!/jdk.internal.ed" type="simple" />
            <root url="jar://$USER_HOME$/AppData/Local/JetBrains/JDK/openjdk-25/lib/src.zip!/jdk.internal.le" type="simple" />
            <root url="jar://$USER_HOME$/AppData/Local/JetBrains/JDK/openjdk-25/lib/src.zip!/jdk.internal.md" type="simple" />
            <root url="jar://$USER_HOME$/AppData/Local/JetBrains/JDK/openjdk-25/lib/src.zip!/jdk.nio.mapmode" type="simple" />
            <root url="jar://$USER_HOME$/AppData/Local/JetBrains/JDK/openjdk-25/lib/src.zip!/jdk.unsupported" type="simple" />
            <root url="jar://$USER_HOME$/AppData/Local/JetBrains/JDK/openjdk-25/lib/src.zip!/java.smartcardio" type="simple" />
            <root url="jar://$USER_HOME$/AppData/Local/JetBrains/JDK/openjdk-25/lib/src.zip!/jdk.internal.opt" type="simple" />
            <root url="jar://$USER_HOME$/AppData/Local/JetBrains/JDK/openjdk-25/lib/src.zip!/java.datatransfer" type="simple" />
            <root url="jar://$USER_HOME$/AppData/Local/JetBrains/JDK/openjdk-25/lib/src.zip!/jdk.accessibility" type="simple" />
            <root url="jar://$USER_HOME$/AppData/Local/JetBrains/JDK/openjdk-25/lib/src.zip!/jdk.crypto.mscapi" type="simple" />
            <root url="jar://$USER_HOME$/AppData/Local/JetBrains/JDK/openjdk-25/lib/src.zip!/jdk.hotspot.agent" type="simple" />
            <root url="jar://$USER_HOME$/AppData/Local/JetBrains/JDK/openjdk-25/lib/src.zip!/jdk.security.auth" type="simple" />
            <root url="jar://$USER_HOME$/AppData/Local/JetBrains/JDK/openjdk-25/lib/src.zip!/jdk.security.jgss" type="simple" />
            <root url="jar://$USER_HOME$/AppData/Local/JetBrains/JDK/openjdk-25/lib/src.zip!/java.security.jgss" type="simple" />
            <root url="jar://$USER_HOME$/AppData/Local/JetBrains/JDK/openjdk-25/lib/src.zip!/java.security.sasl" type="simple" />
            <root url="jar://$USER_HOME$/AppData/Local/JetBrains/JDK/openjdk-25/lib/src.zip!/jdk.graal.compiler" type="simple" />
            <root url="jar://$USER_HOME$/AppData/Local/JetBrains/JDK/openjdk-25/lib/src.zip!/jdk.internal.vm.ci" type="simple" />
            <root url="jar://$USER_HOME$/AppData/Local/JetBrains/JDK/openjdk-25/lib/src.zip!/jdk.management.jfr" type="simple" />
            <root url="jar://$USER_HOME$/AppData/Local/JetBrains/JDK/openjdk-25/lib/src.zip!/java.management.rmi" type="simple" />
            <root url="jar://$USER_HOME$/AppData/Local/JetBrains/JDK/openjdk-25/lib/src.zip!/java.transaction.xa" type="simple" />
            <root url="jar://$USER_HOME$/AppData/Local/JetBrains/JDK/openjdk-25/lib/src.zip!/jdk.crypto.cryptoki" type="simple" />
            <root url="jar://$USER_HOME$/AppData/Local/JetBrains/JDK/openjdk-25/lib/src.zip!/jdk.incubator.vector" type="simple" />
            <root url="jar://$USER_HOME$/AppData/Local/JetBrains/JDK/openjdk-25/lib/src.zip!/jdk.internal.jvmstat" type="simple" />
            <root url="jar://$USER_HOME$/AppData/Local/JetBrains/JDK/openjdk-25/lib/src.zip!/jdk.management.agent" type="simple" />
            <root url="jar://$USER_HOME$/AppData/Local/JetBrains/JDK/openjdk-25/lib/src.zip!/jdk.unsupported.desktop" type="simple" />
            <root url="jar://$USER_HOME$/AppData/Local/JetBrains/JDK/openjdk-25/lib/src.zip!/jdk.graal.compiler.management" type="simple" />
          </root>
        </sourcePath>
      </roots>
    </jdk>
  </component>
</application>