<application>
  <component name="ProjectManager">
    <defaultProject>
      <component name="PropertiesComponent">{}</component>
      <component name="WindowStateProjectService">
        <state x="1060" y="199" key="FileChooserDialogImpl" timestamp="1770341024147">
          <screen x="0" y="0" width="2560" height="1032" />
        </state>
        <state x="1060" y="199" key="FileChooserDialogImpl/0.0.2560.1032/2560.-612.1080.2560" timestamp="1770341024146" />
        <state x="880" y="90" width="800" height="725" key="new project wizard" timestamp="1770341035852">
          <screen x="0" y="0" width="2560" height="1032" />
        </state>
        <state x="880" y="90" width="800" height="725" key="new project wizard/0.0.2560.1032/2560.-612.1080.2560" timestamp="1770341035852" />
      </component>
    </defaultProject>
  </component>
</application>