<application>
  <component name="GoogleLoginApplicationSettings">
    <option name="activeUser" value="marcos1tomaz2@gmail.com" />
    <option name="userEmail2FeaturesStore">
      <map>
        <entry key="marcos1tomaz2@gmail.com">
          <value>
            <set>
              <option value="Firebase" />
              <option value="Gemini" />
              <option value="Android Vitals" />
              <option value="User Info" />
            </set>
          </value>
        </entry>
      </map>
    </option>
  </component>
</application>