<application>
  <component name="ProjectManager">
    <defaultProject>
      <component name="PropertiesComponent"><![CDATA[{}]]></component>
      <component name="WindowStateProjectService">
        <state x="894" y="149" width="800" height="725" key="new project wizard" timestamp="1759847811970">
          <screen x="0" y="0" width="2560" height="1032" />
        </state>
        <state x="894" y="149" width="800" height="725" key="new project wizard/0.0.2560.1032/2560.-634.1080.2560" timestamp="1759847811970" />
      </component>
    </defaultProject>
  </component>
</application>