<application>
  <component name="DimensionService">
    <location key="WELCOME_SCREEN.0.0.2560.1080" x="1280" y="300" />
  </component>
  <component name="WindowManager">
    <frame x="-8" y="-8" width="2570" height="1042" extendedState="6" />
  </component>
  <component name="WindowStateApplicationService">
    <state x="1280" y="452" width="800" height="650" key="WELCOME_SCREEN" timestamp="1759848469024">
      <screen x="0" y="0" width="2560" height="1032" />
    </state>
    <state x="1280" y="452" width="800" height="650" key="WELCOME_SCREEN/0.0.2560.1032/2560.-634.1080.2560" timestamp="1759848469024" />
  </component>
</application>