<application>
  <component name="DimensionService">
    <location key="WELCOME_SCREEN.0.0.2560.1080" x="1280" y="300" />
  </component>
  <component name="WindowManager">
    <frame x="-8" y="-8" width="2576" height="1048" extendedState="6" />
  </component>
  <component name="WindowStateApplicationService">
    <state x="1060" y="223" key="FileChooserDialogImpl" timestamp="1732674584243">
      <screen x="0" y="0" width="2560" height="1032" />
    </state>
    <state x="1060" y="223" key="FileChooserDialogImpl/0.0.2560.1032/2560.-634.1080.2560" timestamp="1732674584243" />
    <state width="724" height="135" key="ShowUsagesActions.dimensionServiceKey" timestamp="1732675526696">
      <screen x="0" y="0" width="2560" height="1032" />
    </state>
    <state width="724" height="135" key="ShowUsagesActions.dimensionServiceKey/0.0.2560.1032/2560.-634.1080.2560" timestamp="1732675526696" />
    <state x="1280" y="476" width="1458" height="795" key="WELCOME_SCREEN" timestamp="1732679754890">
      <screen x="0" y="0" width="2560" height="1032" />
    </state>
    <state x="1280" y="476" width="1458" height="795" key="WELCOME_SCREEN/0.0.2560.1032/2560.-634.1080.2560" timestamp="1732679754890" />
  </component>
</application>